{
  "0": 294.11764705882354,
  "67": 893.3333333333334
}