{
  "0": 185.88235294117646,
  "67": 893.3333333333334
}